"Unit","Driver","Event","Lat / Long","Date / Time","Speed","Address"
"BPK-942","","Ignition Off","-11.098310 / -77.603611","Thursday, September 04 2025, 09:56:39 am","","C. Ciro Alegría 318, Huacho 15137, Peru"
"BPK-942","","Ignition On","-11.098318 / -77.603677","Thursday, September 04 2025, 09:56:02 am","","C. Ciro Alegría 318, Huacho 15137, Peru"
"BPK-942","","Travel Stop","-11.098312 / -77.603636","Thursday, September 04 2025, 09:55:46 am","","C. Ciro Alegría 318, Huacho 15137, Peru"
"BPK-942","","Travel Stop","-11.098417 / -77.603824","Thursday, September 04 2025, 09:54:20 am","4 KPH","J, W92W+PFC, Hualmay 15137, Peru"
"BPK-942","","Travel Start","-11.099795 / -77.603380","Thursday, September 04 2025, 09:53:00 am","21 KPH","Mariscal Castilla 154-158, Huacho 15137, Peru"
"BPK-942","","Travel Stop","-11.100966 / -77.603294","Thursday, September 04 2025, 09:52:30 am","5 KPH","Av. Domingo Mandamiento Sipán 221, Huacho 15137, Peru"
"BPK-942","","Drive","-11.098555 / -77.599653","Thursday, September 04 2025, 09:51:44 am","31 KPH","Av. Domingo Mandamiento Sipán 483-403, Huacho 15137, Peru"
"BPK-942","","Drive","-11.098513 / -77.599607","Thursday, September 04 2025, 09:51:14 am","34 KPH","Av. Domingo Mandamiento Sipán 483-403, Huacho 15137, Peru"
"BPK-942","","Drive","-11.097257 / -77.597787","Thursday, September 04 2025, 09:50:44 am","13 KPH","Av. Domingo Mandamiento Sipán, Huacho 15137, Peru"
"BPK-942","","Travel Start","-11.096078 / -77.596230","Thursday, September 04 2025, 09:50:14 am","28 KPH","Av. Domingo Mandamiento Sipán, Huacho 15137, Peru"
"BPK-942","","Travel Stop","-11.095068 / -77.595082","Thursday, September 04 2025, 09:49:49 am","5 KPH","Av. Panamericana Nte. 809, Huacho 15137, Peru"
"BPK-942","","Drive","-11.095281 / -77.594908","Thursday, September 04 2025, 09:49:26 am","23 KPH","Av. Cruz Blanca 799-797, Huacho 15137, Peru"
"BPK-942","","Drive","-11.096362 / -77.595091","Thursday, September 04 2025, 09:48:56 am","20 KPH","Av. Cruz Blanca 1972-2034, Huacho 15137, Peru"
"BPK-942","","Travel Start","-11.098676 / -77.595943","Thursday, September 04 2025, 09:48:27 am","36 KPH","AV.CRUZ BLANCA-1878 SANTA MARIA AV CRUZ BLANCA1878, Santa María 15137, Peru"
"BPK-942","","Travel Stop","-11.100130 / -77.596193","Thursday, September 04 2025, 09:47:54 am","","Av, Av. Panamericana Nte. #1679, Santa María 15137, Peru"
"BPK-942","","Drive","-11.102057 / -77.596006","Thursday, September 04 2025, 09:47:06 am","31 KPH","Av. Panamericana Nte. 1626-1656, Huacho 15137, Peru"
"BPK-942","","Drive","-11.103494 / -77.595866","Thursday, September 04 2025, 09:46:36 am","10 KPH","Av. Panamericana Nte. 1589-1505, Huacho 15137, Peru"
"BPK-942","","Drive","-11.104974 / -77.595700","Thursday, September 04 2025, 09:46:06 am","21 KPH","Av. Panamericana Nte. 1475-1431, Huacho 15137, Peru"
"BPK-942","","Travel Start","-11.106680 / -77.595485","Thursday, September 04 2025, 09:45:36 am","21 KPH","Av. Panamericana Nte. 1340-1344, Santa María, Peru"
"BPK-942","","Travel Stop","-11.108452 / -77.595367","Thursday, September 04 2025, 09:44:51 am","","Av. Panamericana Nte. 1177, Huacho 15136, Peru"
"BPK-942","","Drive","-11.109945 / -77.595171","Thursday, September 04 2025, 09:44:09 am","31 KPH","Av. Panamericana Nte. 1141-1093, Huacho 15136, Peru"
"BPK-942","","Drive","-11.112970 / -77.594821","Thursday, September 04 2025, 09:43:39 am","44 KPH","Av. Panamericana Nte., Santa María, Peru"
"BPK-942","","Drive","-11.115664 / -77.594549","Thursday, September 04 2025, 09:43:10 am","18 KPH","Av. Panamericana Nte., Huacho 15136, Peru"
"BPK-942","","Drive","-11.115844 / -77.592693","Thursday, September 04 2025, 09:42:40 am","18 KPH","Au. Panamericana N, Huacho 15137, Peru"
"BPK-942","","Drive","-11.115486 / -77.592489","Thursday, September 04 2025, 09:42:24 am","29 KPH","Au. Panamericana N, Huacho 15137, Peru"
"BPK-942","","Drive","-11.115898 / -77.593313","Thursday, September 04 2025, 09:42:12 am","50 KPH","Au. Panamericana N, Huacho 15137, Peru"
"BPK-942","","Drive","-11.120350 / -77.593976","Thursday, September 04 2025, 09:41:42 am","63 KPH","Au. Panamericana N, Santa María, Peru"
"BPK-942","","Drive","-11.125062 / -77.593731","Thursday, September 04 2025, 09:41:12 am","57 KPH","Au. Panamericana N, Santa María, Peru"
"BPK-942","","Drive","-11.129898 / -77.594979","Thursday, September 04 2025, 09:40:42 am","71 KPH","Au. Panamericana N, Huacho 15136, Peru"
"BPK-942","","Drive","-11.134640 / -77.596452","Thursday, September 04 2025, 09:40:12 am","52 KPH","Au. Panamericana N, Huacho 15136, Peru"
"BPK-942","","Drive","-11.138487 / -77.596988","Thursday, September 04 2025, 09:39:42 am","55 KPH","Au. Panamericana N, Huacho 15136, Peru"
"BPK-942","","Drive","-11.142835 / -77.597361","Thursday, September 04 2025, 09:39:12 am","60 KPH","Au. Panamericana N, Huacho 15135, Peru"
"BPK-942","","Drive","-11.147640 / -77.597100","Thursday, September 04 2025, 09:38:42 am","73 KPH","Au. Panamericana N, Huacho 15135, Peru"
"BPK-942","","Speeding End","-11.152751 / -77.595631","Thursday, September 04 2025, 09:38:12 am","66 KPH","Au. Panamericana N, Huacho 15135, Peru"
"BPK-942","","Drive","-11.155598 / -77.594349","Thursday, September 04 2025, 09:37:54 am","70 KPH","Au. Panamericana N, 15135, Peru"
"BPK-942","","Drive","-11.160378 / -77.591385","Thursday, September 04 2025, 09:37:25 am","86 KPH","Au. Panamericana N, 15135, Peru"
"BPK-942","","Drive","-11.165292 / -77.588327","Thursday, September 04 2025, 09:36:55 am","79 KPH","Au. Panamericana N 142, 15135, Peru"
"BPK-942","","Speed Threshold","-11.170674 / -77.584867","Thursday, September 04 2025, 09:36:25 am","84 KPH","Au. Panamericana N, 15135, Peru"
"BPK-942","","Speeding End","-11.173250 / -77.583260","Thursday, September 04 2025, 09:36:09 am","68 KPH","Au. Panamericana N, 15135, Peru"
"BPK-942","","Speed Threshold","-11.176037 / -77.581492","Thursday, September 04 2025, 09:35:51 am","76 KPH","Au. Panamericana N, 15135, Peru"
"BPK-942","","Drive","-11.177023 / -77.580882","Thursday, September 04 2025, 09:35:45 am","76 KPH","Au. Panamericana N, 15135, Peru"
"BPK-942","","Drive","-11.181395 / -77.578117","Thursday, September 04 2025, 09:35:15 am","70 KPH","Au. Panamericana N, 15135, Peru"
"BPK-942","","Travel Start","-11.185725 / -77.575366","Thursday, September 04 2025, 09:34:45 am","52 KPH","Au. Panamericana N, 15135, Peru"
"BPK-942","","Travel Stop","-11.187093 / -77.574391","Thursday, September 04 2025, 09:32:08 am","","Au. Panamericana N, 15135, Peru"
"BPK-942","","Drive","-11.188244 / -77.573654","Thursday, September 04 2025, 09:31:32 am","44 KPH","Au. Panamericana N, 15135, Peru"
"BPK-942","","Travel Start","-11.190767 / -77.571899","Thursday, September 04 2025, 09:31:02 am","23 KPH","Au. Panamericana N, 15135, Peru"
"BPK-942","","Travel Stop","-11.191483 / -77.571280","Thursday, September 04 2025, 09:29:33 am","4 KPH","Au. Panamericana N 139, +400 15135, Peru"
"BPK-942","","Drive","-11.193564 / -77.569787","Thursday, September 04 2025, 09:28:51 am","62 KPH","Peaje de Huacho km139 San Maria, 15135, Peru"
"BPK-942","","Drive","-11.197517 / -77.566941","Thursday, September 04 2025, 09:28:21 am","57 KPH","km137, Au. Panamericana N, 15135, Peru"
"BPK-942","","Speeding End","-11.201111 / -77.564331","Thursday, September 04 2025, 09:27:51 am","68 KPH","Au. Panamericana N, 15135, Peru"
"BPK-942","","Drive","-11.204859 / -77.561623","Thursday, September 04 2025, 09:27:26 am","79 KPH","Au. Panamericana N, 15135, Peru"
"BPK-942","","Drive","-11.209670 / -77.558149","Thursday, September 04 2025, 09:26:56 am","76 KPH","Au. Panamericana N, 15135, Peru"
"BPK-942","","Drive","-11.214374 / -77.554751","Thursday, September 04 2025, 09:26:27 am","73 KPH","Au. Panamericana N, 15135, Peru"
"BPK-942","","Drive","-11.218964 / -77.551433","Thursday, September 04 2025, 09:25:57 am","75 KPH","Au. Panamericana N, 15135, Peru"
"BPK-942","","Drive","-11.223676 / -77.548025","Thursday, September 04 2025, 09:25:27 am","76 KPH","Au. Panamericana N, 15135, Peru"
"BPK-942","","Speed Threshold","-11.228352 / -77.544633","Thursday, September 04 2025, 09:24:57 am","73 KPH","Au. Panamericana N, 15135, Peru"
"BPK-942","","Speeding End","-11.230007 / -77.543436","Thursday, September 04 2025, 09:24:46 am","71 KPH","Au. Panamericana N, 15135, Peru"
"BPK-942","","Drive","-11.230155 / -77.543330","Thursday, September 04 2025, 09:24:45 am","71 KPH","Au. Panamericana N, 15135, Peru"
"BPK-942","","Drive","-11.234707 / -77.540037","Thursday, September 04 2025, 09:24:15 am","76 KPH","Au. Panamericana N, 15135, Peru"
"BPK-942","","Drive","-11.239213 / -77.536770","Thursday, September 04 2025, 09:23:45 am","76 KPH","Au. Panamericana N, 15135, Peru"
"BPK-942","","Drive","-11.243904 / -77.533379","Thursday, September 04 2025, 09:23:15 am","71 KPH","Au. Panamericana N, 15135, Peru"
"BPK-942","","Speed Threshold","-11.248396 / -77.530119","Thursday, September 04 2025, 09:22:45 am","73 KPH","Au. Panamericana N, 15135, Peru"
"BPK-942","","Speeding End","-11.250638 / -77.528495","Thursday, September 04 2025, 09:22:30 am","70 KPH","Au. Panamericana N, 15135, Peru"
"BPK-942","","Drive","-11.251508 / -77.527861","Thursday, September 04 2025, 09:22:24 am","71 KPH","Au. Panamericana N, 15135, Peru"
"BPK-942","","Speed Threshold","-11.255990 / -77.524608","Thursday, September 04 2025, 09:21:54 am","73 KPH","Au. Panamericana N, 15135, Peru"
"BPK-942","","Drive","-11.258515 / -77.522778","Thursday, September 04 2025, 09:21:37 am","71 KPH","Au. Panamericana N, 15135, Peru"
"BPK-942","","Speeding End","-11.262869 / -77.519629","Thursday, September 04 2025, 09:21:07 am","68 KPH","Au. Panamericana N, 15135, Peru"
"BPK-942","","Drive","-11.266912 / -77.516706","Thursday, September 04 2025, 09:20:42 am","78 KPH","Au. Panamericana N, 15135, Peru"
"BPK-942","","Speed Threshold","-11.266912 / -77.516706","Thursday, September 04 2025, 09:20:42 am","78 KPH","Au. Panamericana N, 15135, Peru"
"BPK-942","","Speeding End","-11.271347 / -77.513495","Thursday, September 04 2025, 09:20:12 am","68 KPH","Au. Panamericana N, 15135, Peru"
"BPK-942","","Drive","-11.271634 / -77.513289","Thursday, September 04 2025, 09:20:10 am","70 KPH","Au. Panamericana N, 15135, Peru"
"BPK-942","","Speed Threshold","-11.276224 / -77.509964","Thursday, September 04 2025, 09:19:40 am","76 KPH","Au. Panamericana N, 15135, Peru"
"BPK-942","","Speeding End","-11.279579 / -77.507549","Thursday, September 04 2025, 09:19:17 am","65 KPH","Au. Panamericana N, 15135, Peru"
"BPK-942","","Drive","-11.279849 / -77.507354","Thursday, September 04 2025, 09:19:15 am","66 KPH","Au. Panamericana N, 15135, Peru"
"BPK-942","","Drive","-11.284370 / -77.504090","Thursday, September 04 2025, 09:18:45 am","76 KPH","Au. Panamericana N, 15135, Peru"
"BPK-942","","Drive","-11.289023 / -77.500722","Thursday, September 04 2025, 09:18:15 am","79 KPH","Au. Panamericana N, 15135, Peru"
"BPK-942","","Drive","-11.293844 / -77.497236","Thursday, September 04 2025, 09:17:45 am","76 KPH","Au. Panamericana N, 15135, Peru"
"BPK-942","","Drive","-11.298508 / -77.493878","Thursday, September 04 2025, 09:17:15 am","75 KPH","Au. Panamericana N, 15135, Peru"
"BPK-942","","Speed Threshold","-11.303239 / -77.490443","Thursday, September 04 2025, 09:16:45 am","76 KPH","Au. Panamericana N, 15135, Peru"
"BPK-942","","Speeding End","-11.305065 / -77.489120","Thursday, September 04 2025, 09:16:33 am","71 KPH","Au. Panamericana N, 15135, Peru"
"BPK-942","","Drive","-11.307587 / -77.487283","Thursday, September 04 2025, 09:16:16 am","75 KPH","Au. Panamericana N, 15135, Peru"
"BPK-942","","Speed Threshold","-11.312260 / -77.483907","Thursday, September 04 2025, 09:15:46 am","76 KPH","Au. Panamericana N, 15135, Peru"
"BPK-942","","Speeding End","-11.314816 / -77.482051","Thursday, September 04 2025, 09:15:29 am","71 KPH","Au. Panamericana N, 15135, Peru"
"BPK-942","","Drive","-11.316880 / -77.480551","Thursday, September 04 2025, 09:15:16 am","73 KPH","Au. Panamericana N, 15135, Peru"
"BPK-942","","Speed Threshold","-11.321624 / -77.477095","Thursday, September 04 2025, 09:14:46 am","76 KPH","Au. Panamericana N, 15135, Peru"
"BPK-942","","Drive","-11.323608 / -77.475669","Thursday, September 04 2025, 09:14:33 am","68 KPH","Au. Panamericana N, 15135, Peru"
"BPK-942","","Drive","-11.327678 / -77.472735","Thursday, September 04 2025, 09:14:03 am","65 KPH","Au. Panamericana N, 15135, Peru"
"BPK-942","","Drive","-11.331580 / -77.469916","Thursday, September 04 2025, 09:13:33 am","58 KPH","Au. Panamericana N, 15135, Peru"
"BPK-942","","Drive","-11.335250 / -77.467271","Thursday, September 04 2025, 09:13:03 am","60 KPH","Au. Panamericana N, 15135, Peru"
"BPK-942","","Speeding End","-11.339242 / -77.464373","Thursday, September 04 2025, 09:12:33 am","70 KPH","Au. Panamericana N, 15135, Peru"
"BPK-942","","Drive","-11.339532 / -77.464163","Thursday, September 04 2025, 09:12:31 am","70 KPH","Au. Panamericana N, 15135, Peru"
"BPK-942","","Drive","-11.344106 / -77.460845","Thursday, September 04 2025, 09:12:01 am","76 KPH","Au. Panamericana N, 15135, Peru"
"BPK-942","","Drive","-11.348708 / -77.457528","Thursday, September 04 2025, 09:11:31 am","71 KPH","Au. Panamericana N, 15135, Peru"
"BPK-942","","Drive","-11.353350 / -77.454178","Thursday, September 04 2025, 09:11:01 am","79 KPH","Au. Panamericana N, 15135, Peru"
"BPK-942","","Drive","-11.357970 / -77.450840","Thursday, September 04 2025, 09:10:31 am","73 KPH","Au. Panamericana N, 15135, Peru"
"BPK-942","","Drive","-11.362566 / -77.447511","Thursday, September 04 2025, 09:10:01 am","71 KPH","Au. Panamericana N, 15135, Peru"
"BPK-942","","Ignition On","-11.488836 / -77.304680","Thursday, September 04 2025, 09:09:37 am","","Au. Panamericana N, Chancayllo 15130, Peru"
"BPK-942","","Drive","-11.367083 / -77.444244","Thursday, September 04 2025, 09:09:32 am","73 KPH","Au. Panamericana N, 15135, Peru"
"BPK-942","","Drive","-11.371721 / -77.440887","Thursday, September 04 2025, 09:09:02 am","75 KPH","Au. Panamericana N, 15135, Peru"
"BPK-942","","Drive","-11.376443 / -77.437473","Thursday, September 04 2025, 09:08:32 am","76 KPH","Au. Panamericana N, 15135, Peru"
"BPK-942","","Drive","-11.381147 / -77.434066","Thursday, September 04 2025, 09:08:02 am","76 KPH","Au. Panamericana N, 15135, Peru"
"BPK-942","","Speed Threshold","-11.385620 / -77.430831","Thursday, September 04 2025, 09:07:32 am","71 KPH","Au. Panamericana N, 15135, Peru"
"BPK-942","","Speeding End","-11.389003 / -77.428376","Thursday, September 04 2025, 09:07:09 am","70 KPH","Au. Panamericana N, 15135, Peru"
"BPK-942","","Speed Threshold","-11.393224 / -77.425322","Thursday, September 04 2025, 09:06:41 am","75 KPH","Au. Panamericana N, 15135, Peru"
"BPK-942","","Drive","-11.394696 / -77.424146","Thursday, September 04 2025, 09:06:31 am","71 KPH","Au. Panamericana N, 15135, Peru"
"BPK-942","","Drive","-11.397402 / -77.419904","Thursday, September 04 2025, 09:06:01 am","58 KPH","Au. Panamericana N, 15135, Peru"
"BPK-942","","Drive","-11.397812 / -77.415349","Thursday, September 04 2025, 09:05:31 am","60 KPH","Au. Panamericana N, 15135, Peru"
"BPK-942","","Drive","-11.397284 / -77.411038","Thursday, September 04 2025, 09:05:01 am","46 KPH","Au. Panamericana N, 15135, Peru"
"BPK-942","","Drive","-11.396774 / -77.408375","Thursday, September 04 2025, 09:04:31 am","36 KPH","Au. Panamericana N, 15135, Peru"
"BPK-942","","Drive","-11.395246 / -77.405672","Thursday, September 04 2025, 09:04:02 am","39 KPH","Au. Panamericana N, 15135, Peru"
"BPK-942","","Drive","-11.393110 / -77.403447","Thursday, September 04 2025, 09:03:32 am","38 KPH","Au. Panamericana N, 15135, Peru"
"BPK-942","","Drive","-11.391407 / -77.401713","Thursday, September 04 2025, 09:03:02 am","34 KPH","Au. Panamericana N, 15135, Peru"
"BPK-942","","Drive","-11.389610 / -77.399072","Thursday, September 04 2025, 09:02:33 am","58 KPH","Au. Panamericana N, 15135, Peru"
"BPK-942","","Speeding End","-11.391248 / -77.395264","Thursday, September 04 2025, 09:02:07 am","68 KPH","Au. Panamericana N, 15135, Peru"
"BPK-942","","Drive","-11.391530 / -77.395053","Thursday, September 04 2025, 09:02:06 am","68 KPH","Au. Panamericana N, 15135, Peru"
"BPK-942","","Speed Threshold","-11.396113 / -77.392178","Thursday, September 04 2025, 09:01:36 am","76 KPH","Au. Panamericana N, 15135, Peru"
"BPK-942","","Drive","-11.399586 / -77.391653","Thursday, September 04 2025, 09:01:17 am","73 KPH","Au. Panamericana N, 15135, Peru"
"BPK-942","","Drive","-11.405002 / -77.392193","Thursday, September 04 2025, 09:00:47 am","70 KPH","Au. Panamericana N, 15135, Peru"
"BPK-942","","Drive","-11.409372 / -77.390065","Thursday, September 04 2025, 09:00:17 am","66 KPH","Au. Panamericana N, 15135, Peru"
"BPK-942","","Drive","-11.410944 / -77.385858","Thursday, September 04 2025, 08:59:47 am","57 KPH","Au. Panamericana N, 15135, Peru"
"BPK-942","","Drive","-11.409279 / -77.381852","Thursday, September 04 2025, 08:59:17 am","58 KPH","Au. Panamericana N, 15135, Peru"
"BPK-942","","Drive","-11.408686 / -77.377842","Thursday, September 04 2025, 08:58:48 am","47 KPH","Au. Panamericana N, 15135, Peru"
"BPK-942","","Drive","-11.411991 / -77.375033","Thursday, September 04 2025, 08:58:18 am","58 KPH","Au. Panamericana N, 15135, Peru"
"BPK-942","","Drive","-11.415470 / -77.372193","Thursday, September 04 2025, 08:57:48 am","55 KPH","Óvalo Río Seco, 15135, Peru"
"BPK-942","","Speeding End","-11.419854 / -77.370193","Thursday, September 04 2025, 08:57:18 am","66 KPH","Au. Panamericana N, 15130, Peru"
"BPK-942","","Drive","-11.420736 / -77.369654","Thursday, September 04 2025, 08:57:12 am","70 KPH","Au. Panamericana N, 15130, Peru"
"BPK-942","","Speed Threshold","-11.425437 / -77.366766","Thursday, September 04 2025, 08:56:42 am","73 KPH","Au. Panamericana N, 15130, Peru"
"BPK-942","","Speeding End","-11.429304 / -77.364399","Thursday, September 04 2025, 08:56:17 am","68 KPH","Au. Panamericana N, 15130, Peru"
"BPK-942","","Speed Threshold","-11.431282 / -77.363187","Thursday, September 04 2025, 08:56:04 am","73 KPH","Au. Panamericana N, 15130, Peru"
"BPK-942","","Drive","-11.433308 / -77.361932","Thursday, September 04 2025, 08:55:51 am","71 KPH","Au. Panamericana N, 15130, Peru"
"BPK-942","","Speeding End","-11.437388 / -77.358299","Thursday, September 04 2025, 08:55:21 am","71 KPH","Au. Panamericana N, 15130, Peru"
"BPK-942","","Drive","-11.437519 / -77.358171","Thursday, September 04 2025, 08:55:20 am","71 KPH","Au. Panamericana N, 15130, Peru"
"BPK-942","","Speed Threshold","-11.441665 / -77.354172","Thursday, September 04 2025, 08:54:50 am","76 KPH","Au. Panamericana N, 15130, Peru"
"BPK-942","","Drive","-11.442205 / -77.353617","Thursday, September 04 2025, 08:54:46 am","75 KPH","Au. Panamericana N, 15130, Peru"
"BPK-942","","Speeding End","-11.445309 / -77.349159","Thursday, September 04 2025, 08:54:16 am","70 KPH","Au. Panamericana N, 15130, Peru"
"BPK-942","","Speed Threshold","-11.446922 / -77.345604","Thursday, September 04 2025, 08:53:55 am","75 KPH","Au. Panamericana N, 15130, Peru"
"BPK-942","","Drive","-11.448728 / -77.341432","Thursday, September 04 2025, 08:53:30 am","68 KPH","Panamericana Norte Km 98.5 Hatillo, Chancayllo 15130, Peru"
"BPK-942","","Drive","-11.450860 / -77.336550","Thursday, September 04 2025, 08:53:01 am","71 KPH","Panamericana Nte., Chancayllo 15130, Peru"
"BPK-942","","Speeding End","-11.453074 / -77.331507","Thursday, September 04 2025, 08:52:31 am","71 KPH","Au. Panamericana N, Chancayllo 15130, Peru"
"BPK-942","","Drive","-11.454924 / -77.327292","Thursday, September 04 2025, 08:52:06 am","71 KPH","Au. Panamericana N, Chancayllo 15130, Peru"
"BPK-942","","Speed Threshold","-11.457121 / -77.322288","Thursday, September 04 2025, 08:51:36 am","73 KPH","Au. Panamericana N, Chancayllo 15130, Peru"
"BPK-942","","Drive","-11.458614 / -77.318871","Thursday, September 04 2025, 08:51:17 am","70 KPH","Au. Panamericana N, Chancayllo 15130, Peru"
"BPK-942","","Drive","-11.460631 / -77.314264","Thursday, September 04 2025, 08:50:47 am","58 KPH","Au. Panamericana N, Chancayllo 15130, Peru"
"BPK-942","","Drive","-11.463623 / -77.311569","Thursday, September 04 2025, 08:50:17 am","49 KPH","Au. Panamericana N, Chancayllo 15130, Peru"
"BPK-942","","Drive","-11.466980 / -77.310346","Thursday, September 04 2025, 08:49:47 am","52 KPH","Au. Panamericana N, Chancayllo 15130, Peru"
"BPK-942","","Drive","-11.471393 / -77.308992","Thursday, September 04 2025, 08:49:17 am","60 KPH","Au. Panamericana N 47-945, Chancayllo 15130, Peru"
"BPK-942","","Drive","-11.476203 / -77.309072","Thursday, September 04 2025, 08:48:47 am","62 KPH","Au. Panamericana N, Chancayllo 15130, Peru"
"BPK-942","","Drive","-11.480550 / -77.307670","Thursday, September 04 2025, 08:48:17 am","55 KPH","Au. Panamericana N, Chancayllo 15130, Peru"
"BPK-942","","Drive","-11.484608 / -77.306216","Thursday, September 04 2025, 08:47:47 am","52 KPH","Au. Panamericana N, Chancayllo 15130, Peru"
"BPK-942","","Travel Start","-11.487861 / -77.305048","Thursday, September 04 2025, 08:47:18 am","29 KPH","Au. Panamericana N, Chancayllo 15130, Peru"
"BPK-942","","Travel Stop","-11.488830 / -77.304672","Thursday, September 04 2025, 08:15:29 am","","Au. Panamericana N, Chancayllo 15130, Peru"
"BPK-942","","Ignition Off","-11.488832 / -77.304668","Thursday, September 04 2025, 08:15:24 am","","Au. Panamericana N, Chancayllo 15130, Peru"
"BPK-942","","Travel Stop","-11.488832 / -77.304668","Thursday, September 04 2025, 08:15:23 am","","Au. Panamericana N, Chancayllo 15130, Peru"
"BPK-942","","Drive","-11.489394 / -77.304520","Thursday, September 04 2025, 08:14:57 am","23 KPH","Au. Panamericana N, Chancayllo 15130, Peru"
"BPK-942","","Drive","-11.491160 / -77.304037","Thursday, September 04 2025, 08:14:27 am","36 KPH","Au. Panamericana N, Chancayllo 15130, Peru"
"BPK-942","","Speeding End","-11.495440 / -77.303158","Thursday, September 04 2025, 08:13:57 am","66 KPH","Au. Panamericana N, 15130, Peru"
"BPK-942","","Drive","-11.495757 / -77.303046","Thursday, September 04 2025, 08:13:55 am","66 KPH","Au. Panamericana N, 15130, Peru"
"BPK-942","","Drive","-11.501013 / -77.301178","Thursday, September 04 2025, 08:13:25 am","76 KPH","Au. Panamericana N, 15130, Peru"
"BPK-942","","Speed Threshold","-11.506259 / -77.299296","Thursday, September 04 2025, 08:12:55 am","76 KPH","Au. Panamericana N 90, 15130, Peru"
"BPK-942","","Drive","-11.506259 / -77.299296","Thursday, September 04 2025, 08:12:55 am","76 KPH","Au. Panamericana N 90, 15130, Peru"
"BPK-942","","Drive","-11.511323 / -77.297468","Thursday, September 04 2025, 08:12:25 am","68 KPH","Au. Panamericana N, 15130, Peru"
"BPK-942","","Drive","-11.516236 / -77.295396","Thursday, September 04 2025, 08:11:55 am","68 KPH","Au. Panamericana N, Chancayllo 15130, Peru"
"BPK-942","","Drive","-11.520432 / -77.292495","Thursday, September 04 2025, 08:11:25 am","54 KPH","Au. Panamericana N, Chancayllo 15130, Peru"
"BPK-942","","Drive","-11.523430 / -77.290520","Thursday, September 04 2025, 08:10:55 am","26 KPH","Au. Panamericana N 9, 15130, Peru"
"BPK-942","","Drive","-11.526206 / -77.288749","Thursday, September 04 2025, 08:10:26 am","70 KPH","Au. Panamericana N 9, 15130, Peru"
"BPK-942","","Drive","-11.531107 / -77.286305","Thursday, September 04 2025, 08:09:56 am","71 KPH","Au. Panamericana N, 15130, Peru"
"BPK-942","","Drive","-11.535755 / -77.284051","Thursday, September 04 2025, 08:09:26 am","55 KPH","Au. Panamericana N, 15130, Peru"
"BPK-942","","Drive","-11.538026 / -77.282829","Thursday, September 04 2025, 08:08:56 am","28 KPH","Au. Panamericana N 39, 15130, Peru"
"BPK-942","","Drive","-11.541622 / -77.280925","Thursday, September 04 2025, 08:08:26 am","60 KPH","Au. Panamericana N, 15130, Peru"
"BPK-942","","Speeding End","-11.541622 / -77.280925","Thursday, September 04 2025, 08:08:26 am","60 KPH","Au. Panamericana N, 15130, Peru"
"BPK-942","","Drive","-11.546474 / -77.278654","Thursday, September 04 2025, 08:07:56 am","71 KPH","Au. Panamericana N, 15130, Peru"
"BPK-942","","Speed Threshold","-11.551039 / -77.275790","Thursday, September 04 2025, 08:07:26 am","76 KPH","Au. Panamericana N, Chancay 15131, Peru"
"BPK-942","","Drive","-11.553240 / -77.273988","Thursday, September 04 2025, 08:07:11 am","71 KPH","Au. Panamericana N, Chancay 15131, Peru"
"BPK-942","","Drive","-11.555709 / -77.269961","Thursday, September 04 2025, 08:06:41 am","47 KPH","Au. Panamericana N, Chancay 15131, Peru"
"BPK-942","","Travel Start","-11.557326 / -77.267190","Thursday, September 04 2025, 08:06:11 am","39 KPH","Óvalo de Chancay, Chancay 15131, Peru"
"BPK-942","","Travel Stop","-11.559750 / -77.266249","Thursday, September 04 2025, 08:02:17 am","2 KPH","Au. Panamericana N, Chancay 15131, Peru"
"BPK-942","","Drive","-11.564706 / -77.265149","Thursday, September 04 2025, 08:00:56 am","29 KPH","Au. Panamericana N, Chancay 15131, Peru"
"BPK-942","","Drive","-11.564383 / -77.265337","Thursday, September 04 2025, 08:00:26 am","26 KPH","Au. Panamericana N 455, Chancay 15131, Peru"
"BPK-942","","Speeding End","-11.567548 / -77.264451","Thursday, September 04 2025, 07:59:56 am","63 KPH","Au. Panamericana N, Chancay 15131, Peru"
"BPK-942","","Drive","-11.568368 / -77.264269","Thursday, September 04 2025, 07:59:51 am","68 KPH","Au. Panamericana N 30, Chancay 15131, Peru"
"BPK-942","","Drive","-11.576554 / -77.262514","Thursday, September 04 2025, 07:59:22 am","79 KPH","Au. Panamericana N, Chancay 15131, Peru"
"BPK-942","","Drive","-11.579070 / -77.261859","Thursday, September 04 2025, 07:58:52 am","73 KPH","Au. Panamericana N, Chancay 15131, Peru"
"BPK-942","","Drive","-11.583538 / -77.260295","Thursday, September 04 2025, 07:58:22 am","46 KPH","Au. Panamericana N, Chancay 15131, Peru"
"BPK-942","","Drive","-11.586898 / -77.259073","Thursday, September 04 2025, 07:57:52 am","63 KPH","Au. Panamericana N, Chancay 15131, Peru"
"BPK-942","","Drive","-11.590966 / -77.257342","Thursday, September 04 2025, 07:57:22 am","50 KPH","Au. Panamericana N, Chancay 15131, Peru"
"BPK-942","","Drive","-11.594192 / -77.256119","Thursday, September 04 2025, 07:56:52 am","79 KPH","Au. Panamericana N, Chancay 15131, Peru"
"BPK-942","","Drive","-11.597692 / -77.251986","Thursday, September 04 2025, 07:56:22 am","66 KPH","Au. Panamericana N, Chancay 15131, Peru"
"BPK-942","","Drive","-11.600260 / -77.248349","Thursday, September 04 2025, 07:55:52 am","36 KPH","Au. Panamericana N, Chancay 15131, Peru"
"BPK-942","","Drive","-11.601099 / -77.247323","Thursday, September 04 2025, 07:55:22 am","12 KPH","Au. Panamericana N, Chancay 15131, Peru"
"BPK-942","","Drive","-11.602818 / -77.245200","Thursday, September 04 2025, 07:54:52 am","54 KPH","Au. Panamericana N, Chancay 15131, Peru"
"BPK-942","","Drive","-11.605318 / -77.242073","Thursday, September 04 2025, 07:54:22 am","50 KPH","Au. Panamericana N 5, Chancay 15131, Peru"
"BPK-942","","Drive","-11.607473 / -77.239742","Thursday, September 04 2025, 07:53:53 am","25 KPH","Au. Panamericana N, 15131, Peru"
"BPK-942","","Drive","-11.608634 / -77.238529","Thursday, September 04 2025, 07:53:23 am","50 KPH","Au. Panamericana N 8450, Peru"
"BPK-942","","Drive","-11.611421 / -77.235083","Thursday, September 04 2025, 07:52:53 am","58 KPH","Au. Panamericana N, 15125, Peru"
"BPK-942","","Travel Start","-11.613224 / -77.231476","Thursday, September 04 2025, 07:52:23 am","44 KPH","Au. Panamericana N 500, Chacra y Mar 15125, Peru"
"BPK-942","","Travel Stop","-11.613405 / -77.229861","Thursday, September 04 2025, 07:51:31 am","","PE-1NA, Chacra y Mar 15125, Peru"
"BPK-942","","Travel Start","-11.613557 / -77.229810","Thursday, September 04 2025, 07:51:08 am","15 KPH","PE-1NA, Chacra y Mar 15125, Peru"
"BPK-942","","Travel Stop","-11.614593 / -77.229422","Thursday, September 04 2025, 07:50:14 am","","9QPC+44R, Aucallama 15125, Peru"
"BPK-942","","Drive","-11.614883 / -77.229301","Thursday, September 04 2025, 07:49:50 am","15 KPH","PE-1NA, Chacra y Mar 15125, Peru"
"BPK-942","","Drive","-11.616563 / -77.227175","Thursday, September 04 2025, 07:49:20 am","46 KPH","PE-1NA, Chacra y Mar 15125, Peru"
"BPK-942","","Drive","-11.618416 / -77.224205","Thursday, September 04 2025, 07:48:50 am","44 KPH","PE-1NA, Chacra y Mar 15125, Peru"
"BPK-942","","Drive","-11.620402 / -77.221030","Thursday, September 04 2025, 07:48:21 am","50 KPH","PE-1NA, Chacra y Mar 15125, Peru"
"BPK-942","","Drive","-11.622948 / -77.218680","Thursday, September 04 2025, 07:47:51 am","50 KPH","PE-1NA, 15125, Peru"
"BPK-942","","Drive","-11.626582 / -77.218889","Thursday, September 04 2025, 07:47:21 am","52 KPH","PE-1NA, 15125, Peru"
"BPK-942","","Drive","-11.630265 / -77.219246","Thursday, September 04 2025, 07:46:51 am","47 KPH","PE-1NA, 15125, Peru"
"BPK-942","","Drive","-11.633204 / -77.217399","Thursday, September 04 2025, 07:46:21 am","46 KPH","PE-1NA, 15125, Peru"
"BPK-942","","Drive","-11.636098 / -77.215500","Thursday, September 04 2025, 07:45:51 am","46 KPH","PE-1NA, 15125, Peru"
"BPK-942","","Drive","-11.639130 / -77.213939","Thursday, September 04 2025, 07:45:21 am","42 KPH","PE-1NA, 15125, Peru"
"BPK-942","","Drive","-11.642032 / -77.212649","Thursday, September 04 2025, 07:44:51 am","47 KPH","PE-1NA, 15125, Peru"
"BPK-942","","Drive","-11.644837 / -77.211292","Thursday, September 04 2025, 07:44:22 am","42 KPH","PE-1NA, 15125, Peru"
"BPK-942","","Drive","-11.646040 / -77.208585","Thursday, September 04 2025, 07:43:53 am","44 KPH","PE-1NA, 15125, Peru"
"BPK-942","","Drive","-11.647996 / -77.206797","Thursday, September 04 2025, 07:43:30 am","55 KPH","PE-1NA, 15125, Peru"
"BPK-942","","Drive","-11.651410 / -77.205667","Thursday, September 04 2025, 07:43:01 am","42 KPH","PE-1NA, 15125, Peru"
"BPK-942","","Drive","-11.654496 / -77.206661","Thursday, September 04 2025, 07:42:31 am","44 KPH","PE-1NA, 15125, Peru"
"BPK-942","","Drive","-11.657032 / -77.206697","Thursday, September 04 2025, 07:42:01 am","39 KPH","PE-1NA, 15125, Peru"
"BPK-942","","Drive","-11.658114 / -77.203547","Thursday, September 04 2025, 07:41:31 am","47 KPH","PE-1NA, 15125, Peru"
"BPK-942","","Drive","-11.661401 / -77.202866","Thursday, September 04 2025, 07:41:01 am","44 KPH","PE-1NA, 15125, Peru"
"BPK-942","","Drive","-11.663696 / -77.200002","Thursday, September 04 2025, 07:40:31 am","49 KPH","PE-1NA, 15125, Peru"
"BPK-942","","Drive","-11.666805 / -77.198302","Thursday, September 04 2025, 07:40:01 am","50 KPH","PE-1NA, 15125, Peru"
"BPK-942","","Drive","-11.670343 / -77.197080","Thursday, September 04 2025, 07:39:31 am","55 KPH","PE-1NA, 15125, Peru"
"BPK-942","","Drive","-11.674287 / -77.195448","Thursday, September 04 2025, 07:39:01 am","63 KPH","PE-1NA, 15125, Peru"
"BPK-942","","Drive","-11.677716 / -77.192367","Thursday, September 04 2025, 07:38:31 am","55 KPH","PE-1NA, Ancón, Peru"
"BPK-942","","Drive","-11.681537 / -77.190824","Thursday, September 04 2025, 07:38:01 am","57 KPH","PE-1NA, Ancón, Peru"
"BPK-942","","Drive","-11.685371 / -77.190163","Thursday, September 04 2025, 07:37:32 am","50 KPH","PE-1NA, Ancón, Peru"
"BPK-942","","Drive","-11.688952 / -77.190476","Thursday, September 04 2025, 07:37:02 am","49 KPH","PE-1NA, Ancón, Peru"
"BPK-942","","Drive","-11.692367 / -77.192174","Thursday, September 04 2025, 07:36:32 am","50 KPH","PE-1NA, Ancón, Peru"
"BPK-942","","Drive","-11.695291 / -77.194504","Thursday, September 04 2025, 07:36:02 am","47 KPH","PE-1NA, Ancón, Peru"
"BPK-942","","Drive","-11.697760 / -77.194490","Thursday, September 04 2025, 07:35:41 am","50 KPH","PE-1NA, Ancón, Peru"
"BPK-942","","Drive","-11.699856 / -77.191425","Thursday, September 04 2025, 07:35:11 am","42 KPH","PE-1NA, Ancón 15123, Peru"
"BPK-942","","Drive","-11.702236 / -77.189479","Thursday, September 04 2025, 07:34:41 am","39 KPH","PE-1NA, Ancón 15123, Peru"
"BPK-942","","Drive","-11.704572 / -77.187649","Thursday, September 04 2025, 07:34:11 am","39 KPH","PE-1NA, Ancón 15123, Peru"
"BPK-942","","Drive","-11.706796 / -77.186334","Thursday, September 04 2025, 07:33:41 am","29 KPH","PE-1NA, Ancón 15123, Peru"
"BPK-942","","Drive","-11.708916 / -77.185268","Thursday, September 04 2025, 07:33:11 am","34 KPH","PE-1NA, Ancón 15123, Peru"
"BPK-942","","Drive","-11.710571 / -77.183310","Thursday, September 04 2025, 07:32:41 am","31 KPH","PE-1NA, Ancón 15123, Peru"
"BPK-942","","Drive","-11.712869 / -77.182346","Thursday, September 04 2025, 07:32:11 am","34 KPH","PE-1NA, Ancón 15123, Peru"
"BPK-942","","Drive","-11.714977 / -77.181153","Thursday, September 04 2025, 07:31:42 am","31 KPH","PE-1NA, Ancón 15123, Peru"
"BPK-942","","Drive","-11.716840 / -77.180069","Thursday, September 04 2025, 07:31:12 am","26 KPH","PE-1NA, Ancón 15123, Peru"
"BPK-942","","Drive","-11.718603 / -77.179143","Thursday, September 04 2025, 07:30:42 am","34 KPH","PE-1NA, Ancón 15123, Peru"
"BPK-942","","Drive","-11.720887 / -77.177324","Thursday, September 04 2025, 07:30:12 am","38 KPH","PE-1NA, Ancón 15123, Peru"
"BPK-942","","Drive","-11.723647 / -77.176857","Thursday, September 04 2025, 07:29:42 am","36 KPH","PE-1NA, Ancón 15123, Peru"
"BPK-942","","Drive","-11.725324 / -77.175209","Thursday, September 04 2025, 07:29:12 am","34 KPH","PE-1NA, Ancón 15123, Peru"
"BPK-942","","Drive","-11.727266 / -77.173267","Thursday, September 04 2025, 07:28:42 am","34 KPH","PE-1NA, Ancón 15123, Peru"
"BPK-942","","Drive","-11.729229 / -77.172088","Thursday, September 04 2025, 07:28:12 am","33 KPH","PE-1NA, Ancón 15123, Peru"
"BPK-942","","Drive","-11.731724 / -77.170852","Thursday, September 04 2025, 07:27:42 am","36 KPH","PE-1NA, Ancón 15123, Peru"
"BPK-942","","Drive","-11.734668 / -77.169529","Thursday, September 04 2025, 07:27:12 am","50 KPH","PE-1NA, Ancón 15123, Peru"
"BPK-942","","Drive","-11.738066 / -77.168543","Thursday, September 04 2025, 07:26:42 am","41 KPH","PE-1NA, Ancón 15123, Peru"
"BPK-942","","Drive","-11.740488 / -77.166588","Thursday, September 04 2025, 07:26:13 am","41 KPH","PE-1NA, Ancón 15123, Peru"
"BPK-942","","Travel Start","-11.742767 / -77.165283","Thursday, September 04 2025, 07:25:43 am","23 KPH","7R4P+C2P, Serpentín Pasamayo, Ancón 15123, Peru"
"BPK-942","","Travel Stop","-11.743844 / -77.164841","Thursday, September 04 2025, 07:25:09 am","","7R4P+C2P, Serpentín Pasamayo, Ancón 15123, Peru"
"BPK-942","","Drive","-11.744599 / -77.164578","Thursday, September 04 2025, 07:24:33 am","31 KPH","PE-1NA, Ancón 15123, Peru"
"BPK-942","","Drive","-11.747505 / -77.163517","Thursday, September 04 2025, 07:24:03 am","49 KPH","PE-1NA, Ancón 15123, Peru"
"BPK-942","","Drive","-11.750903 / -77.163041","Thursday, September 04 2025, 07:23:33 am","42 KPH","Mz O1 Lt 15 Parque Industrial de Ancon Ancon Gobierno Regional de Lima LIMA, Ancón 15123, Peru"
"BPK-942","","Drive","-11.754009 / -77.163019","Thursday, September 04 2025, 07:23:03 am","31 KPH","PE-1NA, Ancón 15123, Peru"
"BPK-942","","Drive","-11.755660 / -77.162709","Thursday, September 04 2025, 07:22:33 am","42 KPH","PE-1NA, Ancón 15123, Peru"
"BPK-942","","Drive","-11.759456 / -77.162165","Thursday, September 04 2025, 07:22:03 am","52 KPH","PE-1NA, Ancón 15123, Peru"
"BPK-942","","Drive","-11.763628 / -77.161643","Thursday, September 04 2025, 07:21:33 am","54 KPH","PE-1NA, Ancón 15123, Peru"
"BPK-942","","Drive","-11.767650 / -77.161196","Thursday, September 04 2025, 07:21:03 am","52 KPH","PE-1NA 2500, Ancón 15123, Peru"
"BPK-942","","Drive","-11.771470 / -77.160481","Thursday, September 04 2025, 07:20:34 am","42 KPH","Señor de los milagros mz L lote 18, Ancón 15123, Peru"
"BPK-942","","Drive","-11.774145 / -77.161519","Thursday, September 04 2025, 07:20:04 am","36 KPH","PE-1NA 1860, Ancón 15123, Peru"
"BPK-942","","Drive","-11.775237 / -77.163683","Thursday, September 04 2025, 07:19:34 am","39 KPH","PE-1NA, Ancón 15123, Peru"
"BPK-942","","Drive","-11.777224 / -77.161871","Thursday, September 04 2025, 07:19:08 am","50 KPH","PE-1NA, Ancón 15123, Peru"
"BPK-942","","Drive","-11.777390 / -77.158641","Thursday, September 04 2025, 07:18:39 am","38 KPH","Av. de la Peruanidad, Ancón 15123, Peru"
"BPK-942","","Drive","-11.779593 / -77.158483","Thursday, September 04 2025, 07:18:16 am","52 KPH","Au. Panamericana N, Santa Rosa 15123, Peru"
"BPK-942","","Drive","-11.782805 / -77.156534","Thursday, September 04 2025, 07:17:46 am","46 KPH","Au. Panamericana N, Ancón 15123, Peru"
"BPK-942","","Drive","-11.784752 / -77.154576","Thursday, September 04 2025, 07:17:16 am","29 KPH","Au. Panamericana N, Ancón 15123, Peru"
"BPK-942","","Drive","-11.786979 / -77.152299","Thursday, September 04 2025, 07:16:46 am","47 KPH","Au. Panamericana N, Ancón 15123, Peru"
"BPK-942","","Drive","-11.789534 / -77.149693","Thursday, September 04 2025, 07:16:16 am","49 KPH","Au. Panamericana N, Ancón 15123, Peru"
"BPK-942","","Drive","-11.792338 / -77.146833","Thursday, September 04 2025, 07:15:46 am","50 KPH","Au. Panamericana N, Ancón 15123, Peru"
"BPK-942","","Drive","-11.795011 / -77.144120","Thursday, September 04 2025, 07:15:17 am","54 KPH","Au. Panamericana N, Ancón 15123, Peru"
"BPK-942","","Drive","-11.798259 / -77.140823","Thursday, September 04 2025, 07:14:47 am","55 KPH","Au. Panamericana N 419-277, Ancón 15123, Peru"
"BPK-942","","Drive","-11.801447 / -77.137580","Thursday, September 04 2025, 07:14:17 am","63 KPH","Au. Panamericana N, Ancón 15123, Peru"
"BPK-942","","Drive","-11.805336 / -77.134583","Thursday, September 04 2025, 07:13:47 am","58 KPH","Au. Panamericana N, Ancón 15123, Peru"
"BPK-942","","Drive","-11.814776 / -77.128216","Thursday, September 04 2025, 07:12:47 am","50 KPH","Au. Panamericana N, Ancón 15123, Peru"
"BPK-942","","Travel Start","-11.814776 / -77.128216","Thursday, September 04 2025, 07:12:17 am","50 KPH","Au. Panamericana N, Ancón 15123, Peru"
"BPK-942","","Drive","-11.816686 / -77.127414","Thursday, September 04 2025, 07:12:01 am","44 KPH","Au. Panamericana N 38, Ancón 15123, Peru"
"BPK-942","","Ignition On","-11.835194 / -77.111413","Thursday, September 04 2025, 07:08:02 am","44 KPH","Ctra. Panamericana Nte., Puente Piedra 15122, Peru"
"BPK-942","","Ignition Off","-11.835194 / -77.111413","Thursday, September 04 2025, 06:46:53 am","44 KPH","Ctra. Panamericana Nte., Puente Piedra 15122, Peru"
"BPK-942","","Drive","-11.835194 / -77.111413","Thursday, September 04 2025, 06:40:01 am","44 KPH","Ctra. Panamericana Nte., Puente Piedra 15122, Peru"
"BPK-942","","Drive","-11.835194 / -77.111413","Thursday, September 04 2025, 06:39:31 am","44 KPH","Ctra. Panamericana Nte., Puente Piedra 15122, Peru"
"BPK-942","","Drive","-11.843443 / -77.101077","Thursday, September 04 2025, 06:38:02 am","18 KPH","Ctra. Panamericana Nte., Puente Piedra 15118, Peru"
"BPK-942","","Travel Start","-11.843443 / -77.101077","Thursday, September 04 2025, 06:37:32 am","18 KPH","Ctra. Panamericana Nte., Puente Piedra 15118, Peru"
"BPK-942","","Travel Stop","-11.843770 / -77.100719","Thursday, September 04 2025, 06:36:45 am","2 KPH","Ctra. Panamericana Nte., Puente Piedra 15118, Peru"
"BPK-942","","Drive","-11.844357 / -77.099906","Thursday, September 04 2025, 06:36:10 am","38 KPH","Ctra. Panamericana Nte., Puente Piedra 15118, Peru"
"BPK-942","","Drive","-11.848242 / -77.095182","Thursday, September 04 2025, 06:35:40 am","34 KPH","Au. Panamericana N 50-58, Puente Piedra 15118, Peru"
"BPK-942","","Drive","-11.848242 / -77.095182","Thursday, September 04 2025, 06:35:10 am","34 KPH","Au. Panamericana N 50-58, Puente Piedra 15118, Peru"
"BPK-942","","Drive","-11.849433 / -77.093650","Thursday, September 04 2025, 06:34:40 am","26 KPH","Ctra. Panamericana Nte., Puente Piedra 15118, Peru"
"BPK-942","","Drive","-11.856992 / -77.085230","Thursday, September 04 2025, 06:33:11 am","15 KPH","Auxiliar Panamericana Norte, Puente Piedra 15118, Peru"
"BPK-942","","Drive","-11.856984 / -77.085644","Thursday, September 04 2025, 06:32:41 am","15 KPH","Porvenir, Puente Piedra 15118, Peru"
"BPK-942","","Drive","-11.856994 / -77.084486","Thursday, September 04 2025, 06:32:11 am","41 KPH","Av San Juan, Puente Piedra 15118, Peru"
"BPK-942","","Drive","-11.869545 / -77.071228","Thursday, September 04 2025, 06:30:41 am","44 KPH","Ctra. Panamericana Nte., Puente Piedra 15121, Peru"
"BPK-942","","Drive","-11.869545 / -77.071228","Thursday, September 04 2025, 06:30:11 am","44 KPH","Ctra. Panamericana Nte., Puente Piedra 15121, Peru"
"BPK-942","","Drive","-11.870501 / -77.070474","Thursday, September 04 2025, 06:29:41 am","39 KPH","Auxiliar Panamericana Norte, Puente Piedra 15121, Peru"
"BPK-942","","Drive","-11.873029 / -77.069185","Thursday, September 04 2025, 06:29:11 am","26 KPH","Ctra. Panamericana Nte., Puente Piedra 15121, Peru"
"BPK-942","","Drive","-11.874575 / -77.069133","Thursday, September 04 2025, 06:28:41 am","18 KPH","Au. Panamericana N 8, Puente Piedra 15121, Peru"
"BPK-942","","Drive","-11.877728 / -77.068951","Thursday, September 04 2025, 06:28:11 am","55 KPH","Ctra. Panamericana Nte., Puente Piedra, Peru"
"BPK-942","","Drive","-11.890893 / -77.068261","Thursday, September 04 2025, 06:27:12 am","47 KPH","Au. Panamericana N 112-67, Puente Piedra, Peru"
"BPK-942","","Drive","-11.890893 / -77.068261","Thursday, September 04 2025, 06:26:42 am","47 KPH","Au. Panamericana N 112-67, Puente Piedra, Peru"
"BPK-942","","Drive","-11.893189 / -77.068102","Thursday, September 04 2025, 06:26:12 am","50 KPH","Au. Panamericana N 112-67, Puente Piedra, Peru"
"BPK-942","","Drive","-11.897588 / -77.067799","Thursday, September 04 2025, 06:25:42 am","52 KPH","Ctra. Panamericana Nte., Puente Piedra 15121, Peru"
"BPK-942","","Drive","-11.900638 / -77.067674","Thursday, September 04 2025, 06:25:12 am","42 KPH","Au. Panamericana N 9, Puente Piedra 15121, Peru"
"BPK-942","","Drive","-11.905072 / -77.068588","Thursday, September 04 2025, 06:24:12 am","46 KPH","Ctra. Panamericana Nte., Puente Piedra, Peru"
"BPK-942","","Drive","-11.908148 / -77.070025","Thursday, September 04 2025, 06:23:42 am","50 KPH","Au. Panamericana N 34-20, Puente Piedra 15121, Peru"
"BPK-942","","Drive","-11.915572 / -77.073797","Thursday, September 04 2025, 06:23:12 am","57 KPH","Au. Panamericana N 4200, Puente Piedra 15121, Peru"
"BPK-942","","Drive","-11.915572 / -77.073797","Thursday, September 04 2025, 06:22:42 am","57 KPH","Au. Panamericana N 4200, Puente Piedra 15121, Peru"
"BPK-942","","Drive","-11.918989 / -77.073463","Thursday, September 04 2025, 06:22:12 am","49 KPH","Au. Panamericana N, Puente Piedra 15316, Peru"
"BPK-942","","Drive","-11.922873 / -77.073037","Thursday, September 04 2025, 06:21:43 am","49 KPH","Ctra. Panamericana Nte., Comas 15316, Peru"
"BPK-942","","Drive","-11.927807 / -77.072603","Thursday, September 04 2025, 06:21:13 am","47 KPH","Ctra. Panamericana Nte., Comas 15316, Peru"
"BPK-942","","Drive","-11.929279 / -77.072498","Thursday, September 04 2025, 06:20:43 am","36 KPH","Ctra. Panamericana Nte., Comas 15316, Peru"
"BPK-942","","Drive","-11.931381 / -77.072337","Thursday, September 04 2025, 06:20:13 am","18 KPH","Au. Panamericana N 1000, Los Olivos 15307, Peru"
"BPK-942","","Drive","-11.933599 / -77.072130","Thursday, September 04 2025, 06:19:13 am","28 KPH","Au. Panamericana N, Comas 15314, Peru"
"BPK-942","","Travel Start","-11.936205 / -77.071750","Thursday, September 04 2025, 06:18:43 am","34 KPH","Au. Panamericana N 901, Comas 15314, Peru"
"BPK-942","","Travel Stop","-11.938994 / -77.071536","Thursday, September 04 2025, 06:18:02 am","4 KPH","Au. Panamericana N 395-47, Los Olivos 15314, Peru"
"BPK-942","","Drive","-11.940282 / -77.071365","Thursday, September 04 2025, 06:17:20 am","33 KPH","Puente Peatonal Real Pl. Pro, Los Olivos 15307, Peru"
"BPK-942","","Drive","-11.947405 / -77.070672","Thursday, September 04 2025, 06:16:50 am","65 KPH","Au. Panamericana N 26, Comas 15314, Peru"
"BPK-942","","Drive","-11.948387 / -77.070533","Thursday, September 04 2025, 06:16:21 am","63 KPH","Au. Panamericana N 26, Comas 15314, Peru"
"BPK-942","","Drive","-11.954783 / -77.069568","Thursday, September 04 2025, 06:15:51 am","44 KPH","Au. Panamericana N, Lima 15314, Peru"
"BPK-942","","Drive","-11.956352 / -77.069347","Thursday, September 04 2025, 06:15:21 am","50 KPH","Au. Panamericana N 70, Lima 15314, Peru"
"BPK-942","","Drive","-11.960541 / -77.068643","Thursday, September 04 2025, 06:14:51 am","55 KPH","Au. Panamericana N 14, Los Olivos 15314, Peru"
"BPK-942","","Drive","-11.964453 / -77.068120","Thursday, September 04 2025, 06:14:21 am","47 KPH","Au. Panamericana N, Los Olivos 15311, Peru"
"BPK-942","","Drive","-11.970397 / -77.067096","Thursday, September 04 2025, 06:13:51 am","55 KPH","Au. Panamericana N, Lima 15311, Peru"
"BPK-942","","Drive","-11.971953 / -77.066885","Thursday, September 04 2025, 06:13:21 am","60 KPH","Au. Panamericana N 750, Lima 15311, Peru"
"BPK-942","","Drive","-11.976529 / -77.066159","Thursday, September 04 2025, 06:12:51 am","71 KPH","Au. Panamericana N, Independencia 15311, Peru"
"BPK-942","","Drive","-11.990609 / -77.064076","Thursday, September 04 2025, 06:11:51 am","63 KPH","Au. Panamericana N, Lima 15311, Peru"
"BPK-942","","Drive","-11.990609 / -77.064076","Thursday, September 04 2025, 06:11:21 am","63 KPH","Au. Panamericana N, Lima 15311, Peru"
"BPK-942","","Drive","-11.996619 / -77.063079","Thursday, September 04 2025, 06:10:52 am","50 KPH","Au. Panamericana N, Los Olivos, Peru"
"BPK-942","","Drive","-11.997371 / -77.062956","Thursday, September 04 2025, 06:10:22 am","47 KPH","Au. Panamericana N, Lima 15311, Peru"
"BPK-942","","Drive","-12.007879 / -77.061451","Thursday, September 04 2025, 06:09:52 am","60 KPH","Au. Panamericana N, Los Olivos 15302, Peru"
"BPK-942","","Drive","-12.007879 / -77.061451","Thursday, September 04 2025, 06:09:22 am","60 KPH","Au. Panamericana N, Los Olivos 15302, Peru"
"BPK-942","","Drive","-12.011944 / -77.060560","Thursday, September 04 2025, 06:08:52 am","57 KPH","Calle Fonia s/n Int. 539 Mcdo. Prod. de Fiori, Urb, San Martín de Porres 15102, Peru"
"BPK-942","","Drive","-12.014299 / -77.060288","Thursday, September 04 2025, 06:08:22 am","49 KPH","Au. Panamericana N, Lima 15102, Peru"
"BPK-942","","Drive","-12.032918 / -77.054148","Thursday, September 04 2025, 06:06:22 am","58 KPH","Vía de Evitamiento, Lima 15102, Peru"
"BPK-942","","Drive","-12.032918 / -77.054148","Thursday, September 04 2025, 06:05:52 am","58 KPH","Vía de Evitamiento, Lima 15102, Peru"
"BPK-942","","Drive","-12.034897 / -77.049578","Thursday, September 04 2025, 06:05:23 am","46 KPH","Vía de Evitamiento, Lima 15102, Peru"
"BPK-942","","Drive","-12.038340 / -77.042740","Thursday, September 04 2025, 06:04:53 am","66 KPH","Polar, Rímac 15094, Peru"
"BPK-942","","Drive","-12.038340 / -77.042740","Thursday, September 04 2025, 06:04:23 am","66 KPH","Polar, Rímac 15094, Peru"
"BPK-942","","Drive","-12.038734 / -77.039523","Thursday, September 04 2025, 06:03:53 am","66 KPH","Vía Expresa Línea Amarilla 222, Rímac 15094, Peru"
"BPK-942","","Drive","-12.043342 / -77.021783","Thursday, September 04 2025, 06:02:23 am","46 KPH","Vía Expresa Línea Amarilla, Rímac 15093, Peru"
"BPK-942","","Travel Start","-12.043342 / -77.021783","Thursday, September 04 2025, 06:01:53 am","46 KPH","Vía Expresa Línea Amarilla, Rímac 15093, Peru"
"BPK-942","","Travel Stop","-12.043488 / -77.019603","Thursday, September 04 2025, 06:01:18 am","5 KPH","Puente Huánuco 180, Lima 15093, Peru"
"BPK-942","","Drive","-12.043526 / -77.018761","Thursday, September 04 2025, 06:00:41 am","38 KPH","Vía Expresa Línea Amarilla, Rímac 15093, Peru"
"BPK-942","","Drive","-12.041968 / -77.015392","Thursday, September 04 2025, 06:00:11 am","60 KPH","+51 955448127, Rímac 15093, Peru"
"BPK-942","","Drive","-12.037495 / -77.013574","Thursday, September 04 2025, 05:59:42 am","52 KPH","Vía Expresa Línea Amarilla, Rímac 15093, Peru"
"BPK-942","","Drive","-12.035026 / -77.010376","Thursday, September 04 2025, 05:59:12 am","63 KPH","Vía de Evitamiento, El Agustino 15006, Peru"
"BPK-942","","Drive","-12.032371 / -77.006295","Thursday, September 04 2025, 05:58:42 am","63 KPH","Vía de Evitamiento, El Agustino 15006, Peru"
"BPK-942","","Drive","-12.030490 / -77.001858","Thursday, September 04 2025, 05:58:12 am","55 KPH","Vía de Evitamiento, El Agustino 15006, Peru"
"BPK-942","","Drive","-12.029287 / -76.998481","Thursday, September 04 2025, 05:57:42 am","47 KPH","Vía de Evitamiento, El Agustino 15006, Peru"
"BPK-942","","Drive","-12.029809 / -76.994653","Thursday, September 04 2025, 05:57:12 am","55 KPH","Vía de Evitamiento, El Agustino 15006, Peru"
"BPK-942","","Drive","-12.032633 / -76.990959","Thursday, September 04 2025, 05:56:42 am","65 KPH","Vía de Evitamiento, El Agustino, Peru"
"BPK-942","","Drive","-12.037163 / -76.988698","Thursday, September 04 2025, 05:56:12 am","62 KPH","Vía de Evitamiento, El Agustino 15008, Peru"
"BPK-942","","Drive","-12.041547 / -76.987176","Thursday, September 04 2025, 05:55:42 am","55 KPH","Vía de Evitamiento, Lima 15007, Peru"
"BPK-942","","Drive","-12.044899 / -76.983809","Thursday, September 04 2025, 05:55:12 am","62 KPH","Vía de Evitamiento, Lima 15008, Peru"
"BPK-942","","Drive","-12.048005 / -76.980318","Thursday, September 04 2025, 05:54:42 am","54 KPH","Vía de Evitamiento, Santa Anita 15008, Peru"
"BPK-942","","Drive","-12.050514 / -76.977600","Thursday, September 04 2025, 05:54:13 am","21 KPH","Vía de Evitamiento, Santa Anita 15007, Peru"
"BPK-942","","Drive","-12.050857 / -76.977103","Thursday, September 04 2025, 05:53:43 am","29 KPH","Vía de Evitamiento, Santa Anita 15008, Peru"
"BPK-942","","Drive","-12.053945 / -76.975240","Thursday, September 04 2025, 05:53:13 am","58 KPH","Vía de Evitamiento, Santa Anita 15008, Peru"
"BPK-942","","Drive","-12.058071 / -76.973275","Thursday, September 04 2025, 05:52:43 am","60 KPH","Puente Sta. Anita, Santa Anita 15008, Peru"
"BPK-942","","Drive","-12.062172 / -76.971673","Thursday, September 04 2025, 05:52:13 am","58 KPH","PE-1S, Ate 15023, Peru"
"BPK-942","","Drive","-12.066083 / -76.971430","Thursday, September 04 2025, 05:51:43 am","38 KPH","PE-1S, Ate 15022, Peru"
"BPK-942","","Drive","-12.067974 / -76.971880","Thursday, September 04 2025, 05:51:13 am","12 KPH","1, La Molina 15023, Peru"
"BPK-942","","Drive","-12.069649 / -76.972441","Thursday, September 04 2025, 05:50:43 am","29 KPH","PE-1S, Lima 15023, Peru"
"BPK-942","","Drive","-12.075667 / -76.974937","Thursday, September 04 2025, 05:49:43 am","52 KPH","PE-1S, Lima 15023, Peru"
"BPK-942","","Drive","-12.075667 / -76.974937","Thursday, September 04 2025, 05:49:13 am","52 KPH","PE-1S, Lima 15023, Peru"
"BPK-942","","Drive","-12.077077 / -76.975481","Thursday, September 04 2025, 05:48:44 am","58 KPH","PE-1S, Lima 15023, Peru"
"BPK-942","","Drive","-12.081070 / -76.978098","Thursday, September 04 2025, 05:48:14 am","63 KPH","PE-1S, San Borja, Peru"
"BPK-942","","Drive","-12.084383 / -76.981559","Thursday, September 04 2025, 05:47:45 am","58 KPH","PE-1S, Lima 15022, Peru"
"BPK-942","","Drive","-12.086372 / -76.982060","Thursday, September 04 2025, 05:47:29 am","52 KPH","PE-1S, Lima 15023, Peru"
"BPK-942","","Drive","-12.090112 / -76.980812","Thursday, September 04 2025, 05:46:59 am","46 KPH","Cristobal de Peralta Nte., Santiago de Surco 15023, Peru"
"BPK-942","","Drive","-12.093215 / -76.980539","Thursday, September 04 2025, 05:46:29 am","39 KPH","Ctra. Panamericana Sur, Santiago de Surco 15023, Peru"
"BPK-942","","Drive","-12.096514 / -76.980068","Thursday, September 04 2025, 05:45:59 am","55 KPH","PE-1S, Lima 15023, Peru"
"BPK-942","","Drive","-12.100898 / -76.979535","Thursday, September 04 2025, 05:45:29 am","57 KPH","PE-1S, Lima 15023, Peru"
"BPK-942","","Drive","-12.107464 / -76.978716","Thursday, September 04 2025, 05:44:59 am","49 KPH","PE-1S, San Borja 15037, Peru"
"BPK-942","","Drive","-12.108789 / -76.978516","Thursday, September 04 2025, 05:44:29 am","42 KPH","PE-1S, San Borja 15037, Peru"
"BPK-942","","Drive","-12.111780 / -76.977891","Thursday, September 04 2025, 05:43:59 am","58 KPH","Ctra. Panamericana Sur, Santiago de Surco 15039, Peru"
"BPK-942","","Drive","-12.116327 / -76.977385","Thursday, September 04 2025, 05:43:29 am","60 KPH","Ctra. Panamericana Sur, Santiago de Surco 15023, Peru"
"BPK-942","","Drive","-12.120885 / -76.977127","Thursday, September 04 2025, 05:42:59 am","60 KPH","Ctra. Panamericana Sur 1203, Santiago de Surco 15023, Peru"
"BPK-942","","Drive","-12.125387 / -76.976968","Thursday, September 04 2025, 05:42:29 am","58 KPH","Ctra. Panamericana Sur, Santiago de Surco 15023, Peru"
"BPK-942","","Drive","-12.129659 / -76.977617","Thursday, September 04 2025, 05:42:00 am","62 KPH","Ctra. Panamericana Sur 319, Santiago de Surco 15803, Peru"
"BPK-942","","Drive","-12.134103 / -76.979358","Thursday, September 04 2025, 05:41:30 am","63 KPH","Ctra. Panamericana Sur, Santiago de Surco 15803, Peru"
"BPK-942","","Drive","-12.138689 / -76.980735","Thursday, September 04 2025, 05:41:00 am","65 KPH","PE-1S, San Juan de Miraflores 15803, Peru"
"BPK-942","","Drive","-12.143369 / -76.981551","Thursday, September 04 2025, 05:40:30 am","62 KPH","Ctra. Panamericana Sur, Santiago de Surco 15039, Peru"
"BPK-942","","Drive","-12.148121 / -76.982606","Thursday, September 04 2025, 05:40:00 am","68 KPH","Ctra. Panamericana Sur, Santiago de Surco 15039, Peru"
"BPK-942","","Drive","-12.153027 / -76.983796","Thursday, September 04 2025, 05:39:30 am","60 KPH","D9, San Juan de Miraflores 15801, Peru"
"BPK-942","","Drive","-12.157422 / -76.983049","Thursday, September 04 2025, 05:39:00 am","57 KPH","PE-1S 115, San Juan de Miraflores 15801, Peru"
"BPK-942","","Drive","-12.161332 / -76.981961","Thursday, September 04 2025, 05:38:30 am","50 KPH","Ctra. Panamericana Sur 145-141, Lima 15801, Peru"
"BPK-942","","Drive","-12.170279 / -76.979231","Thursday, September 04 2025, 05:38:00 am","47 KPH","PE-1S, San Juan de Miraflores 15842, Peru"
"BPK-942","","Drive","-12.170279 / -76.979231","Thursday, September 04 2025, 05:37:30 am","47 KPH","PE-1S, San Juan de Miraflores 15842, Peru"
"BPK-942","","Drive","-12.172703 / -76.978644","Thursday, September 04 2025, 05:37:00 am","55 KPH","PE-1S, San Juan de Miraflores 15058, Peru"
"BPK-942","","Drive","-12.177020 / -76.977181","Thursday, September 04 2025, 05:36:31 am","63 KPH","PE-1S, Lima 15842, Peru"
"BPK-942","","Drive","-12.181461 / -76.975770","Thursday, September 04 2025, 05:36:01 am","58 KPH","PE-1S, Lima 15842, Peru"
"BPK-942","","Drive","-12.185400 / -76.974523","Thursday, September 04 2025, 05:35:31 am","50 KPH","PE-1S, Lima 15842, Peru"
"BPK-942","","Drive","-12.198521 / -76.973458","Thursday, September 04 2025, 05:34:31 am","68 KPH","PE-1S, Lima 15058, Peru"
"BPK-942","","Drive","-12.198521 / -76.973458","Thursday, September 04 2025, 05:34:01 am","68 KPH","PE-1S, Lima 15058, Peru"
"BPK-942","","Drive","-12.202386 / -76.974142","Thursday, September 04 2025, 05:33:31 am","54 KPH","PE-1S, Lima 15058, Peru"
"BPK-942","","Drive","-12.206884 / -76.974979","Thursday, September 04 2025, 05:33:01 am","60 KPH","PE-1S, Villa EL Salvador 15058, Peru"
"BPK-942","","Drive","-12.211157 / -76.975740","Thursday, September 04 2025, 05:32:31 am","49 KPH","PE-1S, Villa EL Salvador 15058, Peru"
"BPK-942","","Drive","-12.214458 / -76.976342","Thursday, September 04 2025, 05:32:01 am","46 KPH","PE-1S, Villa EL Salvador 15058, Peru"
"BPK-942","","Drive","-12.218062 / -76.976959","Thursday, September 04 2025, 05:31:31 am","52 KPH","PE-1S, Lima 15058, Peru"
"BPK-942","","Drive","-12.229309 / -76.967695","Thursday, September 04 2025, 05:30:32 am","58 KPH","PE-1S, Lima 15842, Peru"
"BPK-942","","Drive","-12.228043 / -76.968973","Thursday, September 04 2025, 05:30:02 am","55 KPH","PE-1S, Lima 15842, Peru"
"BPK-942","","Drive","-12.230979 / -76.965719","Thursday, September 04 2025, 05:29:32 am","50 KPH","PE-1S, Lima 15842, Peru"
"BPK-942","","Drive","-12.232882 / -76.962164","Thursday, September 04 2025, 05:29:02 am","60 KPH","PE-1S, Lima 15842, Peru"
"BPK-942","","Drive","-12.235003 / -76.958073","Thursday, September 04 2025, 05:28:32 am","60 KPH","PE-1S, Lima 15842, Peru"
"BPK-942","","Drive","-12.237125 / -76.954059","Thursday, September 04 2025, 05:28:02 am","60 KPH","PE-1S, Lima 15842, Peru"
"BPK-942","","Drive","-12.239278 / -76.949824","Thursday, September 04 2025, 05:27:32 am","55 KPH","PE-1S, Lima 15842, Peru"
"BPK-942","","Drive","-12.241405 / -76.945816","Thursday, September 04 2025, 05:27:02 am","63 KPH","PE-1S, Lima 15842, Peru"
"BPK-942","","Drive","-12.243540 / -76.941649","Thursday, September 04 2025, 05:26:32 am","60 KPH","PE-1S, Lima 15842, Peru"
"BPK-942","","Drive","-12.245777 / -76.937273","Thursday, September 04 2025, 05:26:02 am","66 KPH","PE-1S, Lima, Peru"
"BPK-942","","Drive","-12.248273 / -76.933279","Thursday, September 04 2025, 05:25:33 am","60 KPH","PE-1S, Lima, Peru"
"BPK-942","","Drive","-12.251112 / -76.929531","Thursday, September 04 2025, 05:25:03 am","60 KPH","PE-1S, Lima, Peru"
"BPK-942","","Drive","-12.253606 / -76.925713","Thursday, September 04 2025, 05:24:33 am","57 KPH","PE-1S, Lima 15842, Peru"
"BPK-942","","Drive","-12.255959 / -76.921454","Thursday, September 04 2025, 05:24:03 am","66 KPH","PE-1S, Lima 15841, Peru"
"BPK-942","","Drive","-12.258529 / -76.917457","Thursday, September 04 2025, 05:23:33 am","60 KPH","PE-1S, Lima 15841, Peru"
"BPK-942","","Drive","-12.261040 / -76.913398","Thursday, September 04 2025, 05:23:03 am","62 KPH","PE-1S, Lima 15841, Peru"
"BPK-942","","Drive","-12.265773 / -76.906131","Thursday, September 04 2025, 05:22:33 am","62 KPH","PE-1S, Lima 15841, Peru"
"BPK-942","","Drive","-12.265856 / -76.905994","Thursday, September 04 2025, 05:22:03 am","60 KPH","PE-1S, Lima 15841, Peru"
"BPK-942","","Drive","-12.268386 / -76.901941","Thursday, September 04 2025, 05:21:33 am","60 KPH","PE-1S, Lima 15841, Peru"
"BPK-942","","Drive","-12.270817 / -76.898091","Thursday, September 04 2025, 05:21:03 am","58 KPH","PE-1S, Lima 15823, Peru"
"BPK-942","","Drive","-12.273344 / -76.894057","Thursday, September 04 2025, 05:20:33 am","60 KPH","PE-1S, Lima 15823, Peru"
"BPK-942","","Drive","-12.275844 / -76.890113","Thursday, September 04 2025, 05:20:04 am","57 KPH","PE-1S, Lima 15823, Peru"
"BPK-942","","Drive","-12.278211 / -76.886412","Thursday, September 04 2025, 05:19:34 am","52 KPH","PE-1S, Lima 15823, Peru"
"BPK-942","","Drive","-12.280317 / -76.883095","Thursday, September 04 2025, 05:19:04 am","47 KPH","PE-1S, Lima 15823, Peru"
"BPK-942","","Travel Start","-12.281815 / -76.880375","Thursday, September 04 2025, 05:18:34 am","29 KPH","PE-1S, Lima 15823, Peru"
"BPK-942","","Travel Stop","-12.282853 / -76.878845","Thursday, September 04 2025, 05:16:09 am","","PE-1S, Lima 15823, Peru"
"BPK-942","","Drive","-12.280843 / -76.876553","Thursday, September 04 2025, 05:15:21 am","31 KPH","Av. San Pedro, Lima 15823, Peru"
"BPK-942","","Drive","-12.280843 / -76.876553","Thursday, September 04 2025, 05:14:51 am","31 KPH","Av. San Pedro, Lima 15823, Peru"
"BPK-942","","Drive","-12.279506 / -76.875915","Thursday, September 04 2025, 05:14:22 am","26 KPH","Av. San Pedro, Lima 15823, Peru"
"BPK-942","","Drive","-12.277643 / -76.874823","Thursday, September 04 2025, 05:13:52 am","31 KPH","Av. San Pedro 33-12, Lima 15823, Peru"
"BPK-942","","Drive","-12.276779 / -76.872958","Thursday, September 04 2025, 05:12:52 am","26 KPH","Calle Carrozable S/N Lote1 Parcela B 63 Sección UC.02108, Lurín 15823, Peru"
"BPK-942","","Drive","-12.279010 / -76.870413","Thursday, September 04 2025, 05:11:52 am","23 KPH","C. Monasterio, Lima 15823, Peru"
"BPK-942","","Drive","-12.279685 / -76.869088","Thursday, September 04 2025, 05:11:08 am","23 KPH","C. 6, Lima 15823, Peru"
"BPK-942","","Travel Start","-12.278693 / -76.868204","Thursday, September 04 2025, 05:10:38 am","12 KPH","Auxiliar de la Antigua Panamericana Sur, Lurín 15823, Peru"
"BPK-942","","Ignition On","-12.278387 / -76.866864","Thursday, September 04 2025, 04:42:58 am","","M, Lurín 15823, Peru"
"BPK-942","","Travel Stop","-12.278605 / -76.866588","Thursday, September 04 2025, 04:00:44 am","2 KPH","C. A, Lima 15823, Peru"
"BPK-942","","Travel Start","-12.278655 / -76.866148","Thursday, September 04 2025, 04:00:22 am","12 KPH","C. 6, Lima 15823, Peru"
"BPK-942","","Ignition Off","-12.278237 / -76.866930","Thursday, September 04 2025, 03:58:03 am","","P4CM+Q52, C. A, Lima 15823, Peru"
"BPK-942","","Ignition Off","-12.278442 / -76.866906","Thursday, September 04 2025, 03:22:25 am","","M, Lurín 15823, Peru"
"BPK-942","","Ignition Off","-12.278455 / -76.866845","Thursday, September 04 2025, 01:56:20 am","","M, Lurín 15823, Peru"
"BPK-942","","Ignition On","-12.278421 / -76.866790","Thursday, September 04 2025, 01:53:59 am","","C. A, Lima 15823, Peru"
"BPK-942","","Ignition Off","-12.278428 / -76.866777","Thursday, September 04 2025, 01:39:02 am","","C. A, Lima 15823, Peru"
"BPK-942","","Ignition On","-12.278197 / -76.866974","Thursday, September 04 2025, 01:36:50 am","","P4CM+Q52, C. A, Lima 15823, Peru"
"BPK-942","","Ignition Off","-12.278205 / -76.866937","Thursday, September 04 2025, 01:28:32 am","","P4CM+Q52, C. A, Lima 15823, Peru"
"BPK-942","","Ignition On","-12.278556 / -76.866857","Thursday, September 04 2025, 01:13:35 am","","M, Lurín 15823, Peru"
"BPK-942","","Ignition Off","-12.278518 / -76.866953","Thursday, September 04 2025, 01:07:03 am","","M, Lurín 15823, Peru"
"BPK-942","","Ignition On","-12.278518 / -76.866952","Thursday, September 04 2025, 01:06:41 am","","M, Lurín 15823, Peru"
"BPK-942","","Ignition Off","-12.278507 / -76.866997","Thursday, September 04 2025, 01:04:15 am","","P4CM+Q52, C. A, Lima 15823, Peru"
"BPK-942","","Travel Stop","-12.278507 / -76.866997","Thursday, September 04 2025, 01:04:14 am","","P4CM+Q52, C. A, Lima 15823, Peru"